StoreID,StoreName,Address,Monday Hours,Tuesday Hours,Wednesday Hours,Thursday Hours,Friday Hours,Saturday Hours,Sunday Hours,Source
GJE,Grandma Jaree's Emporium,"25 McMaster St, Auburn, NY 13021",10:00  - 5:00 ,10:00  - 5:00 ,Closed,10:00  - 5:00 ,10:00  - 5:00 ,10:00  - 5:00 ,10:00  - 5:00 ,https://maps.google.com/?cid=1372859750362792943
PLTS,Pot Luck Thrift Shop,"7843 Oxbow Rd, Canastota, NY 13032",10:00  - 4:00 ,10:00  - 4:00 ,10:00  - 4:00 ,10:00  - 4:00 ,10:00  - 4:00 ,10:00  - 4:00 ,10:00  - 4:00 ,https://maps.google.com/?cid=9447500594570336143
AU2,Antique Underground,"124 E Jefferson St, Syracuse, NY 13202",Closed,Closed,Closed,11:00  - 5:00 ,11:00  - 5:00 ,11:00  - 5:00 ,11:00  - 5:00 ,https://maps.google.com/?cid=10620287510446760306
JPAAC,Julies Place Antiques and Collectibles,"3300 E Main St, Endwell, NY 13760",Closed,9:00  - 2:00 ,9:00  - 2:00 ,9:00  - 2:00 ,9:00  - 2:00 ,9:00  - 2:00 ,Closed,https://maps.google.com/?cid=9997957342873426563
TFJM,The Funky Junk Market,"62 North Ave Suite 1B, Owego, NY 13827",10:00  - 3:00 ,Closed,Closed,Closed,10:00  - 5:00 ,10:00  - 5:00 ,12:00 - 4:00 ,https://maps.google.com/?cid=17640996792092644961
OOAU,"Old, Odd, and Unique","93, 91 Clinton St, Binghamton, NY 13905",Closed,Closed,Closed,12:00 - 5:00 ,12:00 - 5:00 ,12:00 - 5:00 ,Closed,https://maps.google.com/?cid=392336406324111158
AJ,Arcade Junction,"320 Main St, Arcade, NY 14009",Closed,11:00  - 5:00 ,11:00  - 5:00 ,11:00  - 5:00 ,11:00  - 5:00 ,11:00  - 5:00 ,11:00  - 3:00 ,https://maps.google.com/?cid=1539228450194345159
JADA,Junk and Disorderly Arts & Antiques,"265 Main St, Arcade, NY 14009",Closed,11:00  - 5:00 ,11:00  - 5:00 ,11:00  - 5:00 ,11:00  - 5:00 ,11:00  - 5:00 ,11:00  - 5:00 ,https://maps.google.com/?cid=3457390370023177795
GSDC,Goodwill Store & Donation Center,"4152 W Main Street Rd, Batavia, NY 14020",10:00  - 8:00 ,10:00  - 8:00 ,10:00  - 8:00 ,10:00  - 8:00 ,10:00  - 8:00 ,10:00  - 8:00 ,10:00  - 5:00 ,https://maps.google.com/?cid=13447914952397092363
AWFM,Antique World & Flea Market,"11111 Main St, Clarence, NY 14031",11:00  - 5:00 ,11:00  - 5:00 ,Closed,11:00  - 5:00 ,11:00  - 5:00 ,11:00  - 5:00 ,9:00  - 4:00 ,https://maps.google.com/?cid=5013757944636355811
RRAC,Rcs & Randys Antiques Co-Op,"212 Lake Shore Dr E, Dunkirk, NY 14048",Closed,10:00  - 6:00 ,10:00  - 6:00 ,10:00  - 6:00 ,10:00  - 6:00 ,10:00  - 6:00 ,12:00 - 6:00 ,https://maps.google.com/?cid=15597535051337548246
WV,Wallflower Vintage,"712 Main St, East Aurora, NY 14052",11:00  - 6:00 ,11:00  - 6:00 ,11:00  - 6:00 ,11:00  - 6:00 ,11:00  - 6:00 ,11:00  - 6:00 ,11:00  - 6:00 ,https://maps.google.com/?cid=9703852785570132526
BBW,Bear Bottom Wholesale,"20 Ann St, Lockport, NY 14094",10:00  - 5:00 ,10:00  - 5:00 ,10:00  - 5:00 ,10:00  - 5:00 ,10:00  - 4:00 ,10:00  - 4:00 ,10:00  - 4:00 ,https://maps.google.com/?cid=6156454450948444062
SCBAC,Shawnee Country Barns Antique Co-Op,"6608 Shawnee Rd, North Tonawanda, NY 14120",10:00  - 5:00 ,10:00  - 5:00 ,Closed,10:00  - 5:00 ,10:00  - 5:00 ,10:00  - 5:00 ,10:00  - 5:00 ,https://maps.google.com/?cid=1127722878702884520
SOGS,Sanborn Old General Store,"5856 Buffalo St, Sanborn, NY 14132",Closed,Closed,10:00  - 5:00 ,10:00  - 5:00 ,10:00  - 5:00 ,10:00  - 5:00 ,11:00  - 5:00 ,https://maps.google.com/?cid=9533723141814655885
SHTTA,"Solomon's Hidden Treasures Thrift, Antiques & Outlet","14218 US-219 GPS, 14218 S Cascade Dr, Springville, NY 14141",Closed,10:00  - 5:00 ,10:00  - 5:00 ,10:00  - 5:00 ,10:00  - 5:00 ,10:00  - 4:00 ,Closed,https://maps.google.com/?cid=12063319825493477582
ATBR,Attic To Basement Repeats,"83 Broad St, Tonawanda, NY 14150",Closed,Closed,11:00  - 6:00 ,11:00  - 6:00 ,11:00  - 6:00 ,11:00  - 5:00 ,Closed,https://maps.google.com/?cid=9765475230899462255
HFHRN,Habitat for Humanity ReStore North,"1030 Niagara Fls Blvd, Tonawanda Town, NY 14150",Closed,10:00  - 7:00 ,10:00  - 7:00 ,10:00  - 7:00 ,10:00  - 7:00 ,10:00  - 7:00 ,Closed,https://maps.google.com/?cid=2155814126970690672
SAVERST,Savers,"2309 Eggert Rd, Tonawanda Town, NY 14150",10:00  - 9:00 ,10:00  - 9:00 ,10:00  - 9:00 ,10:00  - 9:00 ,10:00  - 9:00 ,10:00  - 9:00 ,10:00  - 7:00 ,https://maps.google.com/?cid=11638054890986202879
MCVB,My Cuzin Vintage Buffalo,"168 Elmwood Ave, Buffalo, NY 14201",12:00 - 8:00 ,12:00 - 8:00 ,12:00 - 8:00 ,12:00 - 8:00 ,12:00 - 8:00 ,11:00  - 8:00 ,11:00  - 5:00 ,https://maps.google.com/?cid=8212449894416939239
TSSOB,The Serendipity Shoppe of Buffalo,"1 Symphony Cir, Buffalo, NY 14201",Closed,Closed,12:00 - 5:00 ,12:00 - 5:00 ,12:00 - 5:00 ,12:00 - 5:00 ,Closed,https://maps.google.com/?cid=11614928396448355049
BRV,Backroomvintage,"497 Franklin St, Buffalo, NY 14202",Closed,Closed,2:00 - 9:00 ,2:00 - 9:00 ,2:00 - 9:00 ,1:30 - 9:00 ,1:30 - 5:00 ,https://maps.google.com/?cid=13380490497691040894
SA,Sloan's Antiques,"730 William St, Buffalo, NY 14206",Closed,11:30  - 2:30 ,11:30  - 2:30 ,11:30  - 2:30 ,11:30  - 2:30 ,11:30  - 2:30 ,Closed,https://maps.google.com/?cid=2469407547581149021
AB,AMVETS Buffalo,"1833 Elmwood Ave, Buffalo, NY 14207",9:00  - 9:00 ,9:00  - 9:00 ,9:00  - 9:00 ,9:00  - 9:00 ,9:00  - 9:00 ,9:00  - 9:00 ,10:00  - 6:00 ,https://maps.google.com/?cid=10879765398720766137
HTSHFB,Hearts Thrift Store - Hearts for the Homeless Thrift Store (Buffalo),"890 Tonawanda St, Buffalo, NY 14207",10:00  - 5:00 ,10:00  - 5:00 ,10:00  - 5:00 ,10:00  - 5:00 ,10:00  - 5:00 ,10:00  - 5:00 ,Closed,https://maps.google.com/?cid=645510519604636330
SDDS,St.Vincent DePaul Discount Store,"1298 Main St, Buffalo, NY 14209",10:00  - 3:00 ,10:00  - 3:00 ,10:00  - 3:00 ,10:00  - 3:00 ,10:00  - 3:00 ,Closed,Closed,https://maps.google.com/?cid=15405795712489299814
SLADD,Southtowns LADD Thrift Shop,"2280 Seneca St, Buffalo, NY 14210",10:00  - 3:00 ,10:00  - 3:00 ,10:00  - 3:00 ,10:00  - 3:00 ,Closed,10:00  - 3:00 ,Closed,https://maps.google.com/?cid=5055522052819587350
BR,Buffalo ReUse,"980 Northampton St, Buffalo, NY 14211",Closed,9:00  - 4:00 ,Closed,Closed,9:00  - 4:00 ,9:00  - 4:00 ,Closed,https://maps.google.com/?cid=5399971758576108189
COO,COOCOOU,"1261 Niagara St, Buffalo, NY 14213",9:00  - 5:00 ,10:00  - 4:00 ,10:00  - 4:00 ,10:00  - 4:00 ,10:00  - 4:00 ,10:00  - 4:00 ,9:00  - 4:00 ,https://maps.google.com/?cid=1733445184226273623
MSTS,Main Street thrift store,"2637 Main St, Buffalo, NY 14214",10:00  - 6:00 ,10:00  - 6:00 ,10:00  - 6:00 ,10:00  - 6:00 ,10:00  - 6:00 ,8:00  - 4:00 ,8:00  - 4:00 ,https://maps.google.com/?cid=15132764288416953631
OHVC,October House Vintage & Consignment,"1361 Hertel Ave, Buffalo, NY 14216",Closed,11:00  - 6:00 ,11:00  - 6:00 ,11:00  - 6:00 ,11:00  - 6:00 ,11:00  - 6:00 ,10:30  - 4:00 ,https://maps.google.com/?cid=7779844742748157924
AKRTS,A King's Ransom - Thrift Shop and Furniture Consignment,"3748 South Park Ave, Buffalo, NY 14219",Closed,Closed,10:00  - 5:00 ,10:00  - 5:00 ,10:00  - 5:00 ,10:00  - 5:00 ,Closed,https://maps.google.com/?cid=15019676122465721811
SAVERSB,Savers,"3701 McKinley Pkwy, Buffalo, NY 14219",10:00  - 9:00 ,10:00  - 9:00 ,10:00  - 9:00 ,10:00  - 9:00 ,10:00  - 9:00 ,10:00  - 9:00 ,10:00  - 7:00 ,https://maps.google.com/?cid=9272648128905888418
HFHRS,Habitat for Humanity ReStore - South,"1675 South Park Ave, Buffalo, NY 14220",Closed,10:00  - 5:00 ,10:00  - 5:00 ,10:00  - 5:00 ,10:00  - 5:00 ,10:00  - 5:00 ,Closed,https://maps.google.com/?cid=9684060681417933954
SBSA,Side By Side Antiques,"26 Abbott Rd, Buffalo, NY 14220",9:00  - 5:00 ,9:00  - 5:00 ,9:00  - 5:00 ,9:00  - 5:00 ,9:00  - 12:00 ,9:30  - 1:00 ,Closed,https://maps.google.com/?cid=9626656271677885033
CGAE,CM Gold Antique & Estate Buyer,"5823 Main St, Williamsville, NY 14221",Open 24 hours,Open 24 hours,Open 24 hours,Open 24 hours,Open 24 hours,Open 24 hours,Open 24 hours,https://maps.google.com/?cid=5755980161252488405
FTVA,Funky Town Vintage Antiques,"1165 Wehrle Dr, Buffalo, NY 14221",Closed,Closed,Closed,11:00  - 6:00 ,11:00  - 6:00 ,11:00  - 6:00 ,Closed,https://maps.google.com/?cid=18045533149976359903
HA,Hello Again,"8619 Main St, Williamsville, NY 14221",Closed,Closed,11:00  - 5:00 ,11:00  - 5:00 ,11:00  - 5:00 ,11:00  - 3:00 ,Closed,https://maps.google.com/?cid=12839262906464139649
QCV,Queen City Vintage,"746 Elmwood Ave, Buffalo, NY 14222",12:00 - 7:00 ,12:00 - 7:00 ,12:00 - 7:00 ,12:00 - 7:00 ,12:00 - 8:00 ,11:00  - 6:00 ,Closed,https://maps.google.com/?cid=1047962906003524896
STR,Save The Rags,"795 Elmwood Ave, Buffalo, NY 14222",Closed,Closed,12:00 - 7:00 ,12:00 - 7:00 ,12:00 - 7:00 ,12:00 - 7:00 ,12:00 - 7:00 ,https://maps.google.com/?cid=559164517598082653
SCB,Second Chic,"810 Elmwood Ave, Buffalo, NY 14222",11:00  - 6:00 ,11:00  - 6:00 ,11:00  - 6:00 ,11:00  - 6:00 ,11:00  - 6:00 ,11:00  - 6:00 ,12:00 - 5:00 ,https://maps.google.com/?cid=6067756889928653879
HTSHFT,Hearts Thrift Store - Hearts for the Homeless Thrift Store (Tonawanda),"2217 Sheridan Dr, Buffalo, NY 14223",9:00  - 8:00 ,9:00  - 8:00 ,9:00  - 8:00 ,9:00  - 8:00 ,9:00  - 8:00 ,9:00  - 8:00 ,Closed,https://maps.google.com/?cid=7453909873212646217
ATSWS,AMVETS Thrift Store West Seneca,"1900 Ridge Rd, West Seneca, NY 14224",9:00  - 9:00 ,9:00  - 9:00 ,9:00  - 9:00 ,9:00  - 9:00 ,9:00  - 9:00 ,9:00  - 9:00 ,10:00  - 6:00 ,https://maps.google.com/?cid=11575261662313485073
NEAM,Niagara Emporium Antique Mall,"2016 Military Rd, Niagara Falls, NY 14304",11:00  - 7:00 ,11:00  - 7:00 ,11:00  - 7:00 ,11:00  - 7:00 ,11:00  - 7:00 ,11:00  - 7:00 ,11:00  - 6:00 ,https://maps.google.com/?cid=2902036498952059405
TTP,The Trading Post,"110 W Main St, Avon, NY 14414",Closed,Closed,Closed,Closed,10:00  - 5:00 ,10:00  - 5:00 ,10:00  - 5:00 ,https://maps.google.com/?cid=5661820303914571322
UVM,Upstate Vintage Market,"8100 W Ridge Rd, Brockport, NY 14420",Closed,Closed,12:00 - 5:00 ,10:00  - 5:00 ,10:00  - 5:00 ,10:00  - 5:00 ,10:00  - 4:00 ,https://maps.google.com/?cid=10894362639080677643
FLTT,Finger Lakes Treasure Trove,"222 S Main St, Canandaigua, NY 14424",Closed,10:00  - 5:00 ,10:00  - 5:00 ,10:00  - 5:00 ,10:00  - 5:00 ,10:00  - 3:00 ,Closed,https://maps.google.com/?cid=2982988745839817780
HFHR,Habitat For Humanity Restore,"3040 Co Rd 10, Canandaigua, NY 14424",Closed,Closed,10:00  - 5:00 ,10:00  - 5:00 ,10:00  - 5:00 ,10:00  - 5:00 ,Closed,https://maps.google.com/?cid=7357377776157413483
NDS,Not Dot Shop,"127 Main St, Geneseo, NY 14454",Closed,Closed,11:00  - 5:30 ,11:00  - 5:30 ,11:00  - 5:30 ,11:00  - 5:30 ,11:00  - 4:00 ,https://maps.google.com/?cid=2810887909197973906
PLAM,Penny Lane Antique Mall,"319 Waterloo Geneva Rd, Geneva, NY 14456",10:00  - 6:00 ,10:00  - 6:00 ,10:00  - 6:00 ,10:00  - 6:00 ,10:00  - 6:00 ,10:00  - 5:00 ,12:00 - 4:30 ,https://maps.google.com/?cid=14033890881484277143
2TAC,2nd Time Around Consignment,"123 US-20A, Leicester, NY 14481",10:00  - 5:30 ,10:00  - 5:30 ,10:00  - 5:30 ,10:00  - 5:30 ,10:00  - 6:00 ,10:00  - 5:00 ,10:00  - 5:00 ,https://maps.google.com/?cid=9876525691740924739
AFAC,Aprils Finds Antiques & Collectibles,"7895 E Main Rd, Le Roy, NY 14482",Closed,Closed,Closed,10:00  - 4:00 ,10:00  - 4:00 ,10:00  - 4:00 ,10:00  - 4:00 ,https://maps.google.com/?cid=403680967436177607
CAOL,Crossroads Antiques of Lima,"7348 E Main St, Lima, NY 14485",10:00  - 5:00 ,10:00  - 5:00 ,10:00  - 5:00 ,10:00  - 5:00 ,10:00  - 5:00 ,10:00  - 5:00 ,10:00  - 5:00 ,https://maps.google.com/?cid=4951005849340438462
LWECO,L W Emporium Co-op,"6355 Knickerbocker Rd, Ontario, NY 14519",Closed,10:00  - 5:00 ,10:00  - 5:00 ,10:00  - 5:00 ,10:00  - 5:00 ,10:00  - 5:00 ,10:00  - 5:00 ,https://maps.google.com/?cid=6914586804023743639
LH,Liberty Hollow,"4975 W Ridge Rd, Spencerport, NY 14559",10:00  - 5:00 ,10:00  - 5:00 ,10:00  - 5:00 ,10:00  - 5:00 ,10:00  - 5:00 ,10:00  - 5:00 ,10:00  - 5:00 ,https://maps.google.com/?cid=1058768529400304014
SAVERSR,Savers,"980 Ridge Rd, Webster, NY 14580",10:00  - 9:00 ,10:00  - 9:00 ,10:00  - 9:00 ,10:00  - 9:00 ,10:00  - 9:00 ,10:00  - 9:00 ,10:00  - 7:00 ,https://maps.google.com/?cid=11044178152596196137
SV,Staple Vintage,"664 University Ave, Rochester, NY 14607",Closed,Closed,1:00 - 7:00 ,1:00 - 7:00 ,1:00 - 7:00 ,12:00 - 6:00 ,12:00 - 6:00 ,https://maps.google.com/?cid=10047198434563086319
CFM,Charlotte Flea Market,"4421 Lake Ave, Rochester, NY 14612",10:00  - 6:00 ,10:00  - 6:00 ,10:00  - 6:00 ,10:00  - 6:00 ,10:00  - 6:00 ,10:00  - 6:00 ,10:00  - 6:00 ,https://maps.google.com/?cid=10764940919915787318
SAT,South Avenue Treasures,"1992 South Ave, Rochester, NY 14620",Closed,Closed,Closed,Closed,Closed,12:00 - 5:00 ,12:00 - 5:00 ,https://maps.google.com/?cid=13170057602334591907
EA,Eastridge Antiques,"1850 East Ridge Road, Rochester, NY 14622",10:00  - 6:00 ,10:00  - 6:00 ,10:00  - 6:00 ,10:00  - 6:00 ,10:00  - 6:00 ,10:00  - 6:00 ,10:00  - 6:00 ,https://maps.google.com/?cid=1438770961386696137
HMA,Henrietta Mall Antiques,"945 Jefferson Rd, Rochester, NY 14623",10:00  - 6:00 ,10:00  - 6:00 ,10:00  - 6:00 ,10:00  - 6:00 ,10:00  - 6:00 ,10:00  - 6:00 ,10:00  - 6:00 ,https://maps.google.com/?cid=15590032707892895856
TSOWR,The Shops On West Ridge,"3200 W Ridge Rd, Rochester, NY 14626",Closed,Closed,Closed,10:00  - 6:00 ,10:00  - 6:00 ,10:00  - 6:00 ,10:00  - 6:00 ,https://maps.google.com/?cid=15569027449075029598
SLTS,St Luke's Thrift Shop,"409 Pine St, Jamestown, NY 14701",Closed,Closed,10:00  - 2:00 ,10:00  - 2:00 ,10:00  - 2:00 ,Closed,Closed,https://maps.google.com/?cid=8689118377130682379
RT,Ron's Treasures,"88 N Main St, Cassadaga, NY 14718",Closed,Closed,Closed,10:00  - 7:00 ,10:00  - 7:00 ,10:00  - 7:00 ,10:00  - 3:00 ,https://maps.google.com/?cid=7116285021680641350
TJD,The Junkyard's Daughter,"325 Broad St, Waverly, NY 14892",Closed,Closed,10:00  - 5:00 ,10:00  - 5:00 ,10:00  - 5:00 ,10:00  - 5:00 ,Closed,https://maps.google.com/?cid=440483176800182220
TA,Trolley Antiques,"440 Baldwin St, Meadville, PA 16335",Closed,Closed,Closed,10:00  - 5:00 ,10:00  - 5:00 ,10:00  - 5:00 ,10:00  - 5:00 ,https://maps.google.com/?cid=12885193931813493432
WSAM,Whistle Stop Antique Mall,"50 N Center St, Corry, PA 16407",Closed,Closed,10:00  - 5:00 ,10:00  - 5:00 ,10:00  - 5:00 ,10:00  - 5:00 ,11:00  - 4:00 ,https://maps.google.com/?cid=3802412724624798315
MSA2,Main Street Antiques,"7447 W Ridge Rd, Fairview, PA 16415",Closed,12:00 - 4:00 ,12:00 - 4:00 ,12:00 - 4:00 ,12:00 - 4:00 ,12:00 - 4:00 ,12:00 - 4:00 ,https://maps.google.com/?cid=13507316416734538155
FNJ,Funk N Junk,"65 Main St W, Girard, PA 16417",Closed,11:00  - 6:00 ,11:00  - 6:00 ,11:00  - 6:00 ,11:00  - 6:00 ,10:00  - 4:00 ,Closed,https://maps.google.com/?cid=2670110076692643236
FKTS,Finders Keepers Thrift Shop,"325 W Erie St, Linesville, PA 16424",10:00  - 6:00 ,Closed,10:00  - 6:00 ,10:00  - 6:00 ,10:00  - 6:00 ,9:00  - 6:00 ,12:00 - 5:00 ,https://maps.google.com/?cid=12519493139857894996
IAM,Interstate Antique Mall,"5446 PA-89, North East, PA 16428",10:30  - 4:00 ,Closed,10:30  - 4:00 ,10:30  - 4:00 ,12:00 - 4:00 ,12:00 - 4:00 ,12:00 - 4:00 ,https://maps.google.com/?cid=372953166903092193
TTAT,Treva's Trinkets and Treasures,"77 S Pearl St, North East, PA 16428",Closed,Closed,11:00  - 5:00 ,11:00  - 5:00 ,11:00  - 5:00 ,11:00  - 5:00 ,Closed,https://maps.google.com/?cid=18273740441737634675
FKOE,Finders Keepers Of Erie,"1250 Brown Ave, Erie, PA 16502",Closed,10:00  - 6:00 ,10:00  - 6:00 ,10:00  - 6:00 ,11:00  - 6:00 ,11:00  - 5:00 ,Closed,https://maps.google.com/?cid=12568813788882187069
CSTAT,Cobb's Second Time Around Thrift Shop,"1215 Parade St, Erie, PA 16503",10:00  - 6:00 ,10:00  - 6:00 ,10:00  - 6:00 ,10:00  - 6:00 ,10:00  - 6:00 ,10:00  - 6:00 ,Closed,https://maps.google.com/?cid=9905779138118613713
GSTS,Green Scene Thrift Store,"1301 E Grandview Blvd, Erie, PA 16504",Closed,11:00  - 6:00 ,Closed,11:00  - 6:00 ,Closed,9:00  - 3:00 ,Closed,https://maps.google.com/?cid=4669934464710335951
CMT,City Mission Thrift,"2064 W 16th St, Erie, PA 16505",10:00  - 6:00 ,10:00  - 6:00 ,10:00  - 6:00 ,10:00  - 6:00 ,10:00  - 6:00 ,10:00  - 5:00 ,Closed,https://maps.google.com/?cid=17626335434122667589
OA,Oregon Antiques,"3436 W Lake Rd, Erie, PA 16505",11:00  - 4:30 ,11:00  - 4:30 ,11:00  - 4:30 ,11:00  - 4:30 ,11:00  - 4:30 ,10:00  - 4:30 ,12:00 - 4:00 ,https://maps.google.com/?cid=14297885505454476164
TSP,The Sassy Peacock,"845 Pittsburgh Ave, Erie, PA 16505",10:00  - 5:30 ,10:00  - 5:30 ,10:00  - 5:30 ,10:00  - 5:30 ,10:00  - 5:30 ,10:00  - 5:00 ,Closed,https://maps.google.com/?cid=15298862240922159214
PIMAA,"Presque Isle Militaria, Antiques and Collectibles","811 W 26th St, Erie, PA 16508",Closed,Closed,Closed,1:00 - 5:00 ,1:00 - 5:00 ,1:00 - 5:00 ,Closed,https://maps.google.com/?cid=18153861827443844620
SS2,Secondhand shop,"1508 W 32nd St, Erie, PA 16508",11:00  - 5:00 ,11:00  - 5:00 ,11:00  - 5:00 ,11:00  - 5:00 ,11:00  - 5:00 ,11:00  - 5:00 ,Closed,https://maps.google.com/?cid=14380541614830990932
MTS,Mel & Tee's Secondhand & Estate Sales,"4915 Hillsdale Ave, Erie, PA 16509",10:00  - 5:00 ,10:00  - 5:00 ,10:00  - 5:00 ,10:00  - 5:00 ,10:00  - 5:00 ,10:00  - 5:00 ,Closed,https://maps.google.com/?cid=2229123518251938852
RCTS,Rainbow Connection Thrift Store,"1516 Buffalo Rd, Erie, PA 16510",11:00  - 3:00 ,11:00  - 3:00 ,11:00  - 3:00 ,11:00  - 3:00 ,11:00  - 3:00 ,Closed,Closed,https://maps.google.com/?cid=470423526170617550
V,Vintillage,"1019 N Main St, Bowling Green, OH 43402",10:00  - 6:00 ,10:00  - 6:00 ,10:00  - 7:00 ,10:00  - 7:00 ,10:00  - 7:00 ,10:00  - 7:00 ,10:00  - 6:00 ,https://maps.google.com/?cid=6183480748947469791
AIC,Antiques In Clyde,"109 W Buckeye St, Clyde, OH 43410",Closed,10:00  - 3:00 ,10:00  - 3:00 ,1:00 - 5:00 ,1:00 - 5:00 ,Closed,Closed,https://maps.google.com/?cid=13610007511065542087
AVM,Armory vintage Market,"1005 E State St, Fremont, OH 43420",Closed,Closed,11:00  - 6:00 ,11:00  - 6:00 ,11:00  - 6:00 ,11:00  - 4:00 ,Closed,https://maps.google.com/?cid=940770333381937212
BUKB,Bearly Used Kids Boutique,"236 N Front St, Fremont, OH 43420",Closed,Closed,Closed,Closed,Closed,Closed,Closed,https://maps.google.com/?cid=6054231037559215937
MTA,M & T Antiques,"427 W State St, Fremont, OH 43420",Closed,Closed,Closed,Closed,Closed,Closed,Closed,https://maps.google.com/?cid=15304837740741076799
NTYC,New-To-You Consignments,"2306 W State St, Fremont, OH 43420",Closed,10:00  - 5:00 ,Closed,10:00  - 5:00 ,Closed,10:00  - 3:00 ,Closed,https://maps.google.com/?cid=2071724255359523661
PAPE,Past and present emporium,"611 W State St, Fremont, OH 43420",Closed,11:00  - 5:00 ,11:00  - 5:00 ,11:00  - 5:00 ,11:00  - 5:00 ,10:00  - 2:00 ,Closed,https://maps.google.com/?cid=7949427823782482314
CWUTS,Church Women United Thrift Shop,"631 S Crissey Rd, Holland, OH 43528",Closed,9:30  - 4:30 ,9:30  - 4:30 ,9:30  - 4:30 ,9:30  - 4:30 ,9:30  - 3:00 ,Closed,https://maps.google.com/?cid=13410630457744616999
MAM,Maumee Antique Mall,"1552 S Reynolds Rd, Maumee, OH 43537",10:00  - 7:00 ,10:00  - 7:00 ,10:00  - 7:00 ,10:00  - 7:00 ,10:00  - 7:00 ,10:00  - 7:00 ,11:00  - 6:00 ,https://maps.google.com/?cid=18119921837992300426
AAI,Architectural Artifacts Inc.,"20 S Ontario St, Toledo, OH 43604",Closed,Closed,Closed,10:00  - 5:00 ,10:00  - 5:00 ,10:00  - 5:00 ,Closed,https://maps.google.com/?cid=15192183890995260377
HOD,House of Dow,"1501 Adams St, Toledo, OH 43604",Closed,12:00 - 6:00 ,12:00 - 6:00 ,12:00 - 7:00 ,11:00  - 7:00 ,11:00  - 7:00 ,11:00  - 6:00 ,https://maps.google.com/?cid=17824882666901057809
TVAT,The Vault Antiques & Treasures,"1583 W Sylvania Ave, Toledo, OH 43612",Closed,10:00  - 5:00 ,10:00  - 5:00 ,10:00  - 5:00 ,10:00  - 5:00 ,10:00  - 5:00 ,10:00  - 5:00 ,https://maps.google.com/?cid=4858343746226241357
TSL,That Store LLC,"3237 W Sylvania Ave, Toledo, OH 43613",9:00  - 3:00 ,9:00  - 3:00 ,9:30  - 3:00 ,9:30  - 2:00 ,9:00  - 3:00 ,9:00  - 2:00 ,Closed,https://maps.google.com/?cid=15411888776247939395
GFIM,Great Finds in Maumee,"1855 S Reynolds Rd, Toledo, OH 43614",Closed,11:00  - 5:00 ,11:00  - 5:00 ,11:00  - 5:00 ,11:00  - 5:00 ,11:00  - 5:00 ,Closed,https://maps.google.com/?cid=17577063156881508903
NLRS,Nine LIves Resale Shop,"4317 Heatherdowns Blvd, Toledo, OH 43614",Closed,10:00  - 6:00 ,10:00  - 6:00 ,10:00  - 6:00 ,10:00  - 4:00 ,10:00  - 6:00 ,Closed,https://maps.google.com/?cid=14294735548929999908
TCKA,The Copper Kettle Antiques,"1544 S Byrne Rd, Toledo, OH 43614",10:00  - 6:00 ,10:00  - 6:00 ,10:00  - 6:00 ,10:00  - 6:00 ,10:00  - 6:00 ,10:00  - 6:00 ,12:00 - 6:00 ,https://maps.google.com/?cid=9072372386854920326
CIHI,Consign It! Home Interiors,"6925 Central Ave, Toledo, OH 43617",10:00  - 6:00 ,10:00  - 6:00 ,10:00  - 6:00 ,10:00  - 6:00 ,10:00  - 6:00 ,10:00  - 5:00 ,12:00 - 5:00 ,https://maps.google.com/?cid=1981414622228484229
GCHFH,Greater Cleveland Habitat for Humanity - Amherst ReStore,"300 Rice Industrial Pkwy, Amherst, OH 44001",Closed,10:00  - 6:00 ,10:00  - 6:00 ,10:00  - 6:00 ,10:00  - 4:00 ,10:00  - 4:00 ,Closed,https://maps.google.com/?cid=8877565883447878750
ORBA,Olde Red Barn Antiques & Collectibles,"186 W Main St, Andover, OH 44003",Closed,Closed,Closed,Closed,Closed,Closed,Closed,https://maps.google.com/?cid=9511447688109376541
AAM,Ashtabula Antique Mall,"4876 N Ridge Rd W, Ashtabula, OH 44004",Closed,Closed,1:00 - 5:00 ,1:00 - 5:00 ,Closed,1:00 - 5:00 ,Closed,https://maps.google.com/?cid=3762863511895738981
CFAN,Classic Finds and Nautical,"Bridge St, Ashtabula, OH 44004",Closed,Closed,Closed,Closed,Closed,Closed,Closed,https://maps.google.com/?cid=14770303369065061687
FSW,Fat Sally's Warehouse,"1569 Laird Dr, Ashtabula, OH 44004",Closed,Closed,10:00  - 4:00 ,10:00  - 4:00 ,10:00  - 4:00 ,10:00  - 4:00 ,12:00 - 4:00 ,https://maps.google.com/?cid=11474621386499249247
TCS,The Curiosity Shoppe,"3315 N Ridge Rd E, Ashtabula, OH 44004",Closed,Closed,11:00  - 5:00 ,11:00  - 5:00 ,11:00  - 5:00 ,11:00  - 5:00 ,Closed,https://maps.google.com/?cid=10279916393152952829
JHA,Jameson Homestead Antiques,"36675 Detroit Rd, Avon, OH 44011",Closed,11:00  - 4:00 ,11:00  - 4:00 ,11:00  - 4:00 ,11:00  - 4:00 ,11:00  - 4:00 ,12:00 - 4:00 ,https://maps.google.com/?cid=5780015198440783053
CTSAB,Columbia Thrift Store and boutique,"23005 Sprague Rd, Columbia Station, OH 44028",11:00  - 6:00 ,11:00  - 6:00 ,11:00  - 6:00 ,11:00  - 6:00 ,11:00  - 6:00 ,11:00  - 8:00 ,Closed,https://maps.google.com/?cid=13660037769865476405
CTS,Conneaut Thrift Shop,"255 Main St, Conneaut, OH 44030",Closed,Closed,10:00  - 4:00 ,10:00  - 4:00 ,10:00  - 4:00 ,11:00  - 3:00 ,Closed,https://maps.google.com/?cid=6827433378627569016
BB,Broadway Boutique,"390 Broad St, Elyria, OH 44035",Closed,Closed,Closed,11:00  - 7:00 ,11:00  - 7:00 ,11:00  - 7:00 ,12:00 - 5:00 ,https://maps.google.com/?cid=992865455061281000
NTYRS,New To You Resale Shop,"625 Broad St, Elyria, OH 44035",Closed,10:00  - 6:00 ,10:00  - 6:00 ,10:00  - 6:00 ,10:00  - 6:00 ,10:00  - 5:00 ,Closed,https://maps.google.com/?cid=1060399112107864378
RE,Roxy's Emporium,"Shops On Broad, 374 Broad St, Elyria, OH 44035",Closed,Closed,Closed,Closed,Closed,Closed,Closed,https://maps.google.com/?cid=275267597871712215
TBH,The Bargain House,"450 Cleveland St, Elyria, OH 44035",10:00  - 5:00 ,10:00  - 5:00 ,10:00  - 5:00 ,10:00  - 5:00 ,10:00  - 5:00 ,10:00  - 5:00 ,12:00 - 5:00 ,https://maps.google.com/?cid=16192217828679268605
BA,Broadway Antiques,"71 N Broadway, Geneva, OH 44041",Closed,Closed,11:00  - 5:00 ,11:00  - 5:00 ,11:00  - 5:00 ,11:00  - 5:00 ,12:00 - 5:00 ,https://maps.google.com/?cid=16687944819691894129
CCC,Classic Country Consignments,"4426 N Ridge Rd E, Geneva, OH 44041",Closed,Closed,11:00  - 6:00 ,11:00  - 6:00 ,11:00  - 6:00 ,11:00  - 6:00 ,11:00  - 6:00 ,https://maps.google.com/?cid=8641569825081344946
GT,Geneva Thrift,"660 E Main St, Geneva, OH 44041",Closed,Closed,10:00  - 5:00 ,10:00  - 5:00 ,10:00  - 5:00 ,10:00  - 5:00 ,10:00  - 5:00 ,https://maps.google.com/?cid=15471593613731408283
TGD,The Green Door,"OH-84, Geneva, OH 44041",12:00 - 6:00 ,12:00 - 6:00 ,12:00 - 6:00 ,12:00 - 6:00 ,12:00 - 6:00 ,12:00 - 6:00 ,12:00 - 6:00 ,https://maps.google.com/?cid=8231146898352680343
TRVM,The Refindary Vintage Market,"39 S Chestnut St, Jefferson, OH 44047",Closed,Closed,10:00  - 4:00 ,10:00  - 4:00 ,10:00  - 4:00 ,10:00  - 3:00 ,12:00 - 3:00 ,https://maps.google.com/?cid=16469535266095510078
BBAAC,Be Back Antiques and Collectibles,"1342 N Leavitt Rd, Lorain, OH 44052",Closed,Closed,10:00  - 5:00 ,10:00  - 5:00 ,10:00  - 5:00 ,10:00  - 5:00 ,Closed,https://maps.google.com/?cid=15220278341243297008
SAF,Simply Affordable Finds,"26649 Brookpark Ext, North Olmsted, OH 44070",Closed,9:00  - 3:00 ,Closed,Closed,9:00  - 3:00 ,9:00  - 3:00 ,Closed,https://maps.google.com/?cid=17375369417238455581
VWT-Olmstead,Value World Thrift,"24869 Lorain Rd, North Olmsted, OH 44070",10:00  - 9:00 ,10:00  - 9:00 ,10:00  - 9:00 ,10:00  - 9:00 ,10:00  - 9:00 ,10:00  - 9:00 ,12:00 - 6:00 ,https://maps.google.com/?cid=13853372759251058852
MSA,Main Street Antiques,"335 S Main St, Oberlin, OH 44074",Closed,Closed,11:00  - 5:00 ,11:00  - 5:00 ,11:00  - 5:00 ,11:00  - 5:00 ,11:00  - 5:00 ,https://maps.google.com/?cid=15117095107751534014
RS,Ratsy's Store,"27 S Main St, Oberlin, OH 44074",Closed,Closed,12:00 - 6:00 ,12:00 - 6:00 ,12:00 - 6:00 ,12:00 - 6:00 ,12:00 - 3:00 ,https://maps.google.com/?cid=11008856785677037196
MB,Miscellaneous Barn,"190 Mantle Rd, Painesville, OH 44077",Closed,Closed,11:00  - 5:30 ,11:00  - 5:30 ,11:00  - 5:30 ,11:00  - 5:30 ,12:00 - 5:00 ,https://maps.google.com/?cid=16012543025200134796
SBTL,Shops By The Lake,"1871 N Ridge Rd, Painesville, OH 44077",Closed,Closed,Closed,10:00  - 5:00 ,10:00  - 5:00 ,10:00  - 5:00 ,10:00  - 5:00 ,https://maps.google.com/?cid=7880946864622003776
PBB,Perry Bargain Barn,"4650 N Ridge Rd, Perry, OH 44081",Closed,Closed,10:00  - 5:00 ,10:00  - 5:00 ,10:00  - 5:00 ,10:00  - 5:00 ,10:00  - 5:00 ,https://maps.google.com/?cid=7808580843067643856
TATL,Treasures at the Langshaw,"4179 Main St, Perry, OH 44081",Closed,11:00  - 7:00 ,10:00  - 5:00 ,Closed,10:00  - 5:00 ,10:00  - 5:00 ,12:00 - 5:00 ,https://maps.google.com/?cid=10857218803241542003
AU,Antiques & Uniques,"30200 Euclid Ave, Wickliffe, OH 44092",Closed,Closed,Closed,10:00  - 6:00 ,10:00  - 6:00 ,10:00  - 6:00 ,10:00  - 6:00 ,https://maps.google.com/?cid=4786828608872834133
MCVC,My Cuzin Vintage Cleveland,"6507 Detroit Ave, Cleveland, OH 44102",12:00 - 8:00 ,12:00 - 8:00 ,12:00 - 8:00 ,12:00 - 8:00 ,12:00 - 8:00 ,11:00  - 8:00 ,11:00  - 5:00 ,https://maps.google.com/?cid=13498227546117928971
SL,Sweet Lorain,"7105 Lorain Ave, Cleveland, OH 44102",12:00 - 5:00 ,Closed,12:00 - 6:00 ,12:00 - 6:00 ,12:00 - 6:00 ,12:00 - 6:00 ,12:00 - 5:00 ,https://maps.google.com/?cid=3047868446193741868
NTVS,Nifty Thrifty Variety Shop,"7100 Broadway Ave Suite 200, Cleveland, OH 44105",10:00  - 4:00 ,10:00  - 4:00 ,10:00  - 4:00 ,10:00  - 4:00 ,10:00  - 4:00 ,10:00  - 4:00 ,Closed,https://maps.google.com/?cid=5827652792677336096
CC,Cleveland Curiosities,"13375, 13373 Madison Ave, Lakewood, OH 44107",Closed,12:00 - 6:00 ,12:00 - 6:00 ,12:00 - 6:00 ,12:00 - 6:00 ,12:00 - 6:00 ,12:00 - 5:00 ,https://maps.google.com/?cid=10902826793139806599
FNFVC,Future No Future Vintage Clothing,"16008 Detroit Ave, Lakewood, OH 44107",Closed,Closed,Closed,Closed,Closed,Closed,Closed,https://maps.google.com/?cid=2529302586095798911
MF,Magically Found,"13349 Madison Ave, Lakewood, OH 44107",Closed,Closed,12:00 - 6:00 ,12:00 - 6:00 ,12:00 - 6:00 ,12:00 - 6:00 ,12:00 - 5:00 ,https://maps.google.com/?cid=304903729865760406
MC,Margie’s Closet,"1384 W 117th St, Lakewood, OH 44107",Closed,Closed,2:00 - 6:00 ,12:00 - 6:00 ,12:00 - 6:00 ,12:00 - 6:00 ,Closed,https://maps.google.com/?cid=3757276054616192208
VWT-Lakewood,Value World Thrift,"11900 Detroit Ave, Lakewood, OH 44107",10:00  - 9:00 ,10:00  - 9:00 ,10:00  - 9:00 ,10:00  - 9:00 ,10:00  - 9:00 ,10:00  - 9:00 ,12:00 - 6:00 ,https://maps.google.com/?cid=6853009866937108912
ATFY,All Things For You,"3136 W 14th St, Cleveland, OH 44109",Closed,Closed,11:00  - 5:00 ,11:00  - 5:00 ,11:00  - 5:00 ,11:00  - 5:00 ,11:00  - 5:00 ,https://maps.google.com/?cid=1739156893837370576
PG,Paradise Galleria,"3910 Lorain Ave, Cleveland, OH 44113",Closed,12:00 - 6:00 ,12:00 - 6:00 ,12:00 - 6:00 ,12:00 - 7:00 ,12:00 - 7:00 ,12:00 - 6:00 ,https://maps.google.com/?cid=11690583576765644946
PGCCA,PEARLS Girls' Community Closet at Malachi Center,"2416 Superior Viaduct, Cleveland, OH 44113",Closed,3:30 - 6:00 ,Closed,Closed,3:30 - 6:00 ,Closed,Closed,https://maps.google.com/?cid=15237072531122601657
SS,Spooky's Studio,"2138 W 25th St, Cleveland, OH 44113",Closed,Closed,Closed,12:00 - 8:00 ,12:00 - 8:00 ,12:00 - 8:00 ,10:00  - 6:00 ,https://maps.google.com/?cid=13802192033008621056
VNTG,VNTG Home,"1235 Marquette St, Cleveland, OH 44114",9:00  - 5:00 ,9:00  - 5:00 ,9:00  - 5:00 ,9:00  - 5:00 ,9:00  - 5:00 ,9:00  - 5:00 ,Closed,https://maps.google.com/?cid=14767061994261900526
TSYRS,The Salvage Yard Resale Shoppe,"22935 Lorain Rd, Fairview Park, OH 44126",Closed,10:00  - 6:00 ,10:00  - 6:00 ,10:00  - 6:00 ,10:00  - 6:00 ,10:00  - 6:00 ,Closed,https://maps.google.com/?cid=6927215803193717729
RUST,Rusticisle,"27146 Cook Rd, Olmsted Township, OH 44138",9:00  - 10:00 ,9:00  - 10:00 ,9:00  - 10:00 ,9:00  - 10:00 ,9:00  - 10:00 ,9:00  - 10:00 ,9:00  - 10:00 ,https://maps.google.com/?cid=7115048042159979757
STA,Second Thyme Around,"8153 Orchard St, Olmsted Falls, OH 44138",10:00  - 6:00 ,10:00  - 6:00 ,10:00  - 6:00 ,10:00  - 6:00 ,10:00  - 6:00 ,10:00  - 6:00 ,11:00  - 5:00 ,https://maps.google.com/?cid=17030677604354418842
ASVC,A Signature Vintage Clothing,"2208 Front St, Cuyahoga Falls, OH 44221",Closed,12:00 - 5:00 ,12:00 - 5:00 ,12:00 - 5:00 ,12:00 - 5:00 ,12:00 - 5:00 ,Closed,https://maps.google.com/?cid=1490288052098473883
AVAT,Amelia's Vintage and Thrift,"9058 OH-14, Streetsboro, OH 44241",Closed,10:00  - 5:00 ,10:00  - 5:00 ,10:00  - 5:00 ,10:00  - 5:00 ,10:00  - 5:00 ,12:00 - 5:00 ,https://maps.google.com/?cid=7224262263435401689
BSS,Big Ship Salvage,"11001 US Hwy 250 N unit d-1, Milan, OH 44846",8:00  - 4:00 ,8:00  - 4:00 ,8:00  - 4:00 ,8:00  - 4:00 ,8:00  - 4:00 ,Closed,Closed,https://maps.google.com/?cid=17525581886225473190
OSW,Old School Warehouse,"21 N Hamilton St, Monroeville, OH 44847",Closed,Closed,Closed,Closed,Closed,Closed,Closed,https://maps.google.com/?cid=11583240433227389118
WPF,When Pigs Fly,"31 E Main St, Norwalk, OH 44857",Closed,10:00  - 4:00 ,10:00  - 4:00 ,10:00  - 4:00 ,10:00  - 4:00 ,10:00  - 4:00 ,Closed,https://maps.google.com/?cid=16795016344248986272
SGBL,Something Good & Beyond LLC,"1607 W Monroe St, Sandusky, OH 44870",4:00 - 8:00 ,4:00 - 8:00 ,4:00 - 8:00 ,4:00 - 8:00 ,4:00 - 8:00 ,12:00 - 6:30 ,Closed,https://maps.google.com/?cid=918061562756810927
TES,The Encore Shop,"2215 Cleveland Rd W, Sandusky, OH 44870",Closed,10:00  - 4:00 ,10:00  - 4:00 ,10:00  - 4:00 ,10:00  - 4:00 ,10:00  - 2:00 ,Closed,https://maps.google.com/?cid=17185570782431663015
OAAC,Oscar's Antiques and Consignments,"591 N Sandusky St, Tiffin, OH 44883",Closed,Closed,Closed,Closed,11:00  - 5:00 ,11:00  - 5:00 ,11:00  - 5:00 ,https://maps.google.com/?cid=10801343235520679687
RI1,Reclaim It 127,"127 S Washington St, Tiffin, OH 44883",Closed,Closed,11:00  - 7:00 ,11:00  - 7:00 ,10:00  - 4:00 ,10:00  - 1:00 ,Closed,https://maps.google.com/?cid=5647533550295409434
CAE,Clawson Antiques Etc,"118 S Main St, Clawson, MI 48017",Closed,Closed,12:00 - 4:00 ,12:00 - 4:00 ,12:00 - 6:00 ,11:00  - 4:00 ,12:00 - 4:00 ,https://maps.google.com/?cid=9370403900710475002
SAL,Sinclair Antiques Llc,"550 S Rochester Rd, Clawson, MI 48017",Closed,Closed,10:30  - 5:30 ,10:30  - 7:00 ,10:30  - 5:30 ,10:30  - 5:30 ,10:30  - 5:30 ,https://maps.google.com/?cid=14242507078835395895
VWT-Eastpointe,Value World Thrift,"24900 Kelly Rd, Eastpointe, MI 48021",10:00  - 9:00 ,10:00  - 9:00 ,10:00  - 9:00 ,10:00  - 9:00 ,10:00  - 9:00 ,10:00  - 9:00 ,12:00 - 6:00 ,https://maps.google.com/?cid=11346697265300244810
VWT-Southfield,Value World Thrift,"25646 Eight Mile W, Southfield, MI 48033",10:00  - 9:00 ,10:00  - 9:00 ,10:00  - 9:00 ,10:00  - 9:00 ,10:00  - 9:00 ,10:00  - 9:00 ,12:00 - 6:00 ,https://maps.google.com/?cid=5996050694648844969
RWBT,Red White & Blue Thrift Store,"37545 Southbound Gratiot Ave, Clinton Township, MI 48036",9:00  - 9:00 ,9:00  - 9:00 ,9:00  - 9:00 ,9:00  - 9:00 ,9:00  - 9:00 ,9:00  - 9:00 ,9:00  - 7:00 ,https://maps.google.com/?cid=12137691450753162042
CATTF,Charlie and the Treasure Factory,"40716 Hayes Rd, Clinton Township, MI 48038",Closed,Closed,Closed,11:00  - 6:00 ,11:00  - 6:00 ,11:00  - 6:00 ,11:00  - 3:00 ,https://maps.google.com/?cid=6091145421401453289
MA,Mimi's Attic,"221 Northbound Gratiot Ave, Mt Clemens, MI 48043",Closed,Closed,Closed,Closed,11:00  - 4:00 ,11:00  - 4:00 ,11:00  - 4:00 ,https://maps.google.com/?cid=795807953676948
VGR,Vintage Garden Resale,"1268 Southbound Gratiot Ave, Mt Clemens, MI 48043",Closed,Closed,11:00  - 5:00 ,11:00  - 5:00 ,11:00  - 5:00 ,11:00  - 5:00 ,Closed,https://maps.google.com/?cid=14631274699810742651
LC,Leah's Closet,"722 W Eleven Mile Rd, Royal Oak, MI 48067",Closed,Closed,12:00 - 5:00 ,12:00 - 5:00 ,12:00 - 5:00 ,12:00 - 5:00 ,Closed,https://maps.google.com/?cid=5279287439537366711
LAFV,Lost and Found Vintage,"510 S Washington Ave, Royal Oak, MI 48067",Closed,12:00 - 7:00 ,12:00 - 7:00 ,12:00 - 7:00 ,12:00 - 7:00 ,11:00  - 7:00 ,11:00  - 5:00 ,https://maps.google.com/?cid=4308802780335638791
TSAFSRO,The Salvation Army Family Store & Donation Center,"114 E 4th St, Royal Oak, MI 48067",9:00  - 9:00 ,9:00  - 9:00 ,9:00  - 9:00 ,9:00  - 9:00 ,9:00  - 9:00 ,9:00  - 9:00 ,Closed,https://maps.google.com/?cid=13128827519406870824
SVDPT,St. Vincent de Paul Thrift Store,"28720 N Stephenson Hwy, Madison Heights, MI 48071",10:00  - 8:00 ,10:00  - 8:00 ,10:00  - 8:00 ,10:00  - 8:00 ,10:00  - 8:00 ,10:00  - 8:00 ,11:00  - 6:00 ,https://maps.google.com/?cid=15386471331006823675
CR,Council Resale,"3297 12 Mile Rd, Berkley, MI 48072",10:00  - 6:00 ,10:00  - 6:00 ,10:00  - 6:00 ,10:00  - 6:00 ,10:00  - 6:00 ,10:00  - 6:00 ,Closed,https://maps.google.com/?cid=12421847020428712578
OFA,Odd Fellows Antiques,"3248 12 Mile Rd, Berkley, MI 48072",11:00  - 5:00 ,11:00  - 5:00 ,11:00  - 5:00 ,11:00  - 5:00 ,11:00  - 5:00 ,11:00  - 5:00 ,12:00 - 5:00 ,https://maps.google.com/?cid=11710827157455061901
EHUR,Everything Home Upscale Resale,"29862 Woodward Ave, Royal Oak, MI 48073",10:00  - 6:00 ,10:00  - 6:00 ,10:00  - 6:00 ,10:00  - 6:00 ,10:00  - 6:00 ,11:00  - 6:00 ,12:00 - 5:00 ,https://maps.google.com/?cid=6798473931734160078
EUR,Encore Upscale Resale,"29080 Southfield Rd, Southfield, MI 48076",10:00  - 7:00 ,10:00  - 7:00 ,10:00  - 7:00 ,10:00  - 7:00 ,10:00  - 7:00 ,10:00  - 7:00 ,Closed,https://maps.google.com/?cid=15625395566247754626
TWL,Time Warp LLC,"31336 Harper Ave, St Clair Shores, MI 48082",Closed,10:00  - 6:00 ,10:00  - 7:00 ,10:00  - 7:00 ,10:00  - 7:00 ,10:00  - 7:00 ,11:00  - 5:00 ,https://maps.google.com/?cid=8413401143549391260
FUFA,Fred's Unique Furniture & Antiques,"14091 8 Mile Rd, Warren, MI 48089",Closed,Closed,11:00  - 6:00 ,11:00  - 6:00 ,11:00  - 6:00 ,11:00  - 6:00 ,Closed,https://maps.google.com/?cid=5721045052792003674
VWT-Warren,Value World Thrift,"2001 E 11 Mile Rd, Warren, MI 48092",10:00  - 9:00 ,10:00  - 9:00 ,10:00  - 9:00 ,10:00  - 9:00 ,10:00  - 9:00 ,10:00  - 9:00 ,12:00 - 6:00 ,https://maps.google.com/?cid=1094756577668956865
KTS,Kiwanis Thrift Sale,"100 N Staebler Rd Suite C, Ann Arbor, MI 48103",Closed,Closed,Closed,Closed,9:00  - 1:00 ,9:00  - 3:00 ,Closed,https://maps.google.com/?cid=14530670485098189154
TS,The ShareHouse,"5161 Jackson Rd, Ann Arbor, MI 48103",10:00  - 6:00 ,10:00  - 6:00 ,10:00  - 6:00 ,10:00  - 6:00 ,10:00  - 6:00 ,9:00  - 5:00 ,Closed,https://maps.google.com/?cid=5130287232088235984
AAPTS,Ann Arbor PTO Thrift Shop,"2280 S Industrial Hwy, Ann Arbor, MI 48104",Closed,Closed,Closed,10:00  - 6:00 ,10:00  - 6:00 ,10:00  - 6:00 ,10:00  - 6:00 ,https://maps.google.com/?cid=14002400225004255061
AATS,Ann Arbor Thrift Shop,"3500 Washtenaw Ave K, Ann Arbor, MI 48104",10:00  - 4:00 ,10:00  - 4:00 ,Closed,10:00  - 4:00 ,10:00  - 4:00 ,10:00  - 1:00 ,Closed,https://maps.google.com/?cid=8213364278177482568
RAGS,Ragstock,"337 E Liberty St, Ann Arbor, MI 48104",10:00  - 8:00 ,10:00  - 8:00 ,10:00  - 8:00 ,10:00  - 8:00 ,10:00  - 8:00 ,10:00  - 8:00 ,11:00  - 7:00 ,https://maps.google.com/?cid=12516954970484412242
SAFA,Such A Find Antiques & Estate Liquidations,"1247 Rosewood St, Ann Arbor, MI 48104",Closed,Closed,Closed,Closed,Closed,Closed,Closed,https://maps.google.com/?cid=4931606433033026674
TGV,The Getup Vintage,"210 S 4th Ave, Ann Arbor, MI 48104",12:00 - 8:00 ,12:00 - 8:00 ,12:00 - 8:00 ,12:00 - 8:00 ,12:00 - 8:00 ,12:00 - 8:00 ,12:00 - 6:00 ,https://maps.google.com/?cid=6395468454802851321
TSAFS,The Salvation Army Family Store & Donation Center,"1621 S State St, Ann Arbor, MI 48104",9:00  - 9:00 ,9:00  - 9:00 ,9:00  - 9:00 ,9:00  - 9:00 ,9:00  - 9:00 ,9:00  - 9:00 ,Closed,https://maps.google.com/?cid=3335768824265763761
SCR,SCRAP Creative Reuse,"4567 Washtenaw Ave, Ann Arbor, MI 48108",12:00 - 5:00 ,10:00  - 6:00 ,10:00  - 6:00 ,10:00  - 6:00 ,10:00  - 6:00 ,10:00  - 6:00 ,12:00 - 5:00 ,https://maps.google.com/?cid=10787127784455360438
CAM,Chelsea Antique Mall,"1178 S Main St, Chelsea, MI 48118",Closed,11:00  - 5:00 ,11:00  - 5:00 ,11:00  - 5:00 ,11:00  - 5:00 ,11:00  - 5:00 ,11:00  - 4:00 ,https://maps.google.com/?cid=11168737715163106429
VA,Village Antiques,"22630 Michigan Ave, Dearborn, MI 48124",Closed,11:00  - 5:00 ,11:00  - 5:00 ,11:00  - 5:00 ,11:00  - 5:00 ,11:00  - 5:00 ,Closed,https://maps.google.com/?cid=3109610683745108085
VMDV,V-Male Detroit Vintage,"23902 Van Born Rd, Dearborn Heights, MI 48125",12:00 - 7:00 ,12:00 - 7:00 ,Closed,Closed,12:00 - 7:00 ,12:00 - 7:00 ,Closed,https://maps.google.com/?cid=9920822410628141700
RIAVA,"Retro Image Antiques, Vintage and Props","14246 Michigan Ave, Dearborn, MI 48126",Closed,Closed,Closed,Closed,11:00  - 4:00 ,11:00  - 4:00 ,Closed,https://maps.google.com/?cid=15839453751207912984
MCAG,Motor City Antique Gallery,"13431 Telegraph Rd, Flat Rock, MI 48134",Closed,11:00  - 6:00 ,11:00  - 6:00 ,11:00  - 6:00 ,11:00  - 6:00 ,11:00  - 6:00 ,11:00  - 6:00 ,https://maps.google.com/?cid=17681123603516359355
CCA,Craftique Craft & antique,"5846 Middlebelt Rd, Garden City, MI 48135",11:00  - 6:00 ,11:00  - 6:00 ,11:00  - 6:00 ,11:00  - 6:00 ,11:00  - 6:00 ,11:00  - 6:00 ,12:00 - 5:00 ,https://maps.google.com/?cid=2934960878648440946
FFL,Fortunate Finds LLC,"8023 Summerfield Rd, Lambertville, MI 48144",Closed,Closed,Closed,Closed,Closed,Closed,Closed,https://maps.google.com/?cid=15067541081161628482
PACM,Plaza Antiques & Collectables Mall,"2621 Dix Hwy, Lincoln Park, MI 48146",Closed,10:00  - 6:00 ,10:00  - 6:00 ,10:00  - 6:00 ,10:00  - 6:00 ,10:00  - 6:00 ,12:00 - 5:00 ,https://maps.google.com/?cid=18398215403836635150
GSADL,Goodwill Store and Donations: Livonia,"12651 Middlebelt Rd, Livonia, MI 48150",10:00  - 8:00 ,10:00  - 8:00 ,10:00  - 8:00 ,10:00  - 8:00 ,10:00  - 8:00 ,10:00  - 8:00 ,12:00 - 6:00 ,https://maps.google.com/?cid=8584896560936037333
TPCAA,Town Peddler Craft and Antique Mall,"35323 Plymouth Rd, Livonia, MI 48150",10:00  - 7:00 ,10:00  - 7:00 ,10:00  - 7:00 ,10:00  - 7:00 ,10:00  - 7:00 ,10:00  - 7:00 ,11:00  - 6:00 ,https://maps.google.com/?cid=4559011832690173202
VVACV,Vintage Vibes Antiques Collectibles Vinyl,"16320 Middlebelt Rd, Livonia, MI 48154",Closed,Closed,11:00  - 6:00 ,11:00  - 6:00 ,11:00  - 6:00 ,11:00  - 6:00 ,12:00 - 5:00 ,https://maps.google.com/?cid=379983692509566272
N2Y,New 2 You,"1021 Novi Rd, Northville, MI 48167",Closed,11:00  - 6:00 ,11:00  - 6:00 ,11:00  - 6:00 ,11:00  - 6:00 ,10:00  - 3:00 ,Closed,https://maps.google.com/?cid=1535861696592871723
TBIN,The Barn in Northville,"48120 Eight Mile W, Northville, MI 48167",10:00  - 5:00 ,10:00  - 5:00 ,10:00  - 5:00 ,10:00  - 5:00 ,10:00  - 5:00 ,10:00  - 5:00 ,11:00  - 5:00 ,https://maps.google.com/?cid=4623248162904895135
FKVV,Finders Keepers Vintage & Vinyl,"900 N Mill St, Plymouth, MI 48170",Closed,12:00 - 8:00 ,12:00 - 8:00 ,12:00 - 8:00 ,12:00 - 8:00 ,12:00 - 5:00 ,12:00 - 5:00 ,https://maps.google.com/?cid=12378893219392175211
PTS,Presbyterian Thrift Shop,"331 N Main St, Plymouth, MI 48170",Closed,10:00  - 2:00 ,6:00 - 8:00 ,10:00  - 2:00 ,Closed,10:00  - 3:00 ,Closed,https://maps.google.com/?cid=11102368903208794539
GIOSM,Goodwill Industries of Southeastern Michigan - Saline Store,"423 E Michigan Ave, Saline, MI 48176",9:00  - 8:00 ,9:00  - 8:00 ,9:00  - 8:00 ,9:00  - 8:00 ,9:00  - 8:00 ,9:00  - 8:00 ,10:00  - 6:00 ,https://maps.google.com/?cid=16386505649667095797
NARS,Nu2U Again Resale Shop,"1311 E Michigan Ave, Saline, MI 48176",11:00  - 6:00 ,11:00  - 6:00 ,11:00  - 6:00 ,11:00  - 6:00 ,11:00  - 6:00 ,12:00 - 5:00 ,Closed,https://maps.google.com/?cid=11514772423779484845
VWT-Taylor,Value World Thrift,"22615 Ecorse Rd, Taylor, MI 48180",10:00  - 9:00 ,10:00  - 9:00 ,10:00  - 9:00 ,10:00  - 9:00 ,10:00  - 9:00 ,10:00  - 9:00 ,12:00 - 6:00 ,https://maps.google.com/?cid=4912125014653994372
VWT-Westland,Value World Thrift,"35300 Central City Pkwy, Westland, MI 48185",10:00  - 9:00 ,10:00  - 9:00 ,10:00  - 9:00 ,10:00  - 9:00 ,10:00  - 9:00 ,10:00  - 9:00 ,12:00 - 6:00 ,https://maps.google.com/?cid=6709584039332272392
GSADC,Goodwill Store and Donations: Canton,"41937 Ford Rd, Canton Township, MI 48187",10:00  - 8:00 ,10:00  - 8:00 ,10:00  - 8:00 ,10:00  - 8:00 ,10:00  - 8:00 ,10:00  - 8:00 ,12:00 - 5:00 ,https://maps.google.com/?cid=9409506691548985871
TSAFSCT,The Salvation Army Family Store & Donation Center,"43403 Joy Rd, Canton Township, MI 48187",9:00  - 9:00 ,9:00  - 9:00 ,9:00  - 9:00 ,9:00  - 9:00 ,9:00  - 9:00 ,9:00  - 9:00 ,Closed,https://maps.google.com/?cid=8962571667754023240
FF,Fabuless Finds,"16160 King Rd, Riverview, MI 48193",Closed,10:00  - 4:00 ,10:00  - 6:00 ,10:00  - 4:00 ,10:00  - 4:00 ,10:00  - 4:00 ,Closed,https://maps.google.com/?cid=8079436126209867646
VWT-Southgate,Value World Thrift,"12125 Dix Toledo Rd, Southgate, MI 48195",10:00  - 9:00 ,10:00  - 9:00 ,10:00  - 9:00 ,10:00  - 9:00 ,10:00  - 9:00 ,10:00  - 9:00 ,12:00 - 6:00 ,https://maps.google.com/?cid=8284943913345679620
A,a2vintage,"130 W Michigan Ave, Ypsilanti, MI 48197",Closed,Closed,Closed,11:00  - 6:00 ,11:00  - 6:00 ,11:00  - 6:00 ,11:00  - 5:00 ,https://maps.google.com/?cid=956879994070249578
FASV,Find and Shine Vintage,"6 N Huron St, Ypsilanti, MI 48197",Closed,Closed,Closed,11:00  - 6:00 ,11:00  - 6:00 ,11:00  - 6:00 ,11:00  - 6:00 ,https://maps.google.com/?cid=16864357931211059078
GSADY,Goodwill Store and Donations: Ypsilanti,"3782 Carpenter Rd, Ypsilanti, MI 48197",10:00  - 8:00 ,10:00  - 8:00 ,10:00  - 8:00 ,10:00  - 8:00 ,10:00  - 8:00 ,10:00  - 8:00 ,12:00 - 6:00 ,https://maps.google.com/?cid=4138217921740518658
SCA,Salt City Antiques,"115 W Michigan Ave, Ypsilanti, MI 48197",Closed,Closed,Closed,11:00  - 5:00 ,11:00  - 5:00 ,10:00  - 5:00 ,12:00 - 5:00 ,https://maps.google.com/?cid=12161971410349968697
AAV,Apple Annie’s Vintage,"29 E Cross St, Ypsilanti, MI 48198",Closed,12:00 - 6:00 ,12:00 - 6:00 ,12:00 - 6:00 ,12:00 - 6:00 ,12:00 - 6:00 ,12:00 - 5:00 ,https://maps.google.com/?cid=13414509820530782749
JMA,Jim MacDonald's Antiques,"29 E Cross St, Ypsilanti, MI 48198",Closed,Closed,12:00 - 6:00 ,12:00 - 6:00 ,12:00 - 6:00 ,12:00 - 6:00 ,12:00 - 6:00 ,https://maps.google.com/?cid=4905491769525033891
LHAAR,Lucky Haskins Antiques and Retro,"27 E Cross St, Ypsilanti, MI 48198",Closed,12:00 - 6:00 ,12:00 - 6:00 ,12:00 - 6:00 ,12:00 - 7:00 ,12:00 - 7:00 ,12:00 - 6:00 ,https://maps.google.com/?cid=8553544832193783722
TTD,The Thrift Depot,"19 E Cross St, Ypsilanti, MI 48198",Closed,12:00 - 7:00 ,10:00  - 5:00 ,Closed,10:00  - 7:00 ,10:00  - 1:00 ,Closed,https://maps.google.com/?cid=18186467899096560678
VWT9,Value World Thrift,"1410 E Michigan Ave, Ypsilanti, MI 48198",10:00  - 9:00 ,10:00  - 9:00 ,10:00  - 9:00 ,10:00  - 9:00 ,10:00  - 9:00 ,10:00  - 9:00 ,12:00 - 6:00 ,https://maps.google.com/?cid=10526147006210229453
VEML,"Vintage Eastern Market, LLC","1515 Division St Suite B, Detroit, MI 48207",Closed,10:00  - 6:00 ,10:00  - 6:00 ,10:00  - 6:00 ,10:00  - 6:00 ,8:00  - 6:00 ,10:00  - 6:00 ,https://maps.google.com/?cid=843972120199247054
GOGD,Goodwill of Greater Detroit,"3111 Grand River Ave, Detroit, MI 48208",10:00  - 9:00 ,10:00  - 9:00 ,10:00  - 9:00 ,10:00  - 9:00 ,10:00  - 9:00 ,Closed,Closed,https://maps.google.com/?cid=595045356066231081
FV,Flamingo Vintage,"5449 Vernor W, Detroit, MI 48209",Closed,11:00  - 7:00 ,11:00  - 7:00 ,11:00  - 7:00 ,11:00  - 7:00 ,11:00  - 7:00 ,12:00 - 7:00 ,https://maps.google.com/?cid=17415661666499386427
ASWOD,Architectural Salvage Warehouse of Detroit,"5110 Bellevue St, Detroit, MI 48211",Closed,10:00  - 6:00 ,10:00  - 6:00 ,10:00  - 6:00 ,10:00  - 6:00 ,10:00  - 2:00 ,Closed,https://maps.google.com/?cid=18057870314854683711
JT,Joy Thrift,"10334 Joseph Campau Ave, Hamtramck, MI 48212",11:00  - 7:00 ,11:00  - 7:00 ,11:00  - 7:00 ,11:00  - 7:00 ,11:00  - 7:00 ,11:00  - 7:00 ,Closed,https://maps.google.com/?cid=6550543898733801379
RR,Retro Rescuers,"477 W Marshall St, Ferndale, MI 48220",Closed,Closed,5:00 - 8:00 ,Closed,Closed,12:00 - 4:00 ,12:00 - 4:00 ,https://maps.google.com/?cid=5756691713328247967
VogueVint,Vogue Vintage,"2141 Hilton Rd, Ferndale, MI 48220",11:00  - 5:00 ,11:00  - 5:00 ,11:00  - 5:00 ,11:00  - 5:00 ,11:00  - 6:00 ,10:00  - 6:00 ,12:00 - 4:00 ,https://maps.google.com/?cid=3487311899614785948
SG,Salvage Garden,"3135 W McNichols Rd, Detroit, MI 48221",Closed,Closed,Closed,Closed,Closed,12:00 - 5:00 ,12:00 - 5:00 ,https://maps.google.com/?cid=10583116779049334413
GCOHT,Grace Centers of Hope Thrift Store & Donation Center- Oak Park,"FR68+8P, 23105 Coolidge Hwy, Oak Park, MI 48237",10:00  - 8:00 ,10:00  - 8:00 ,10:00  - 8:00 ,10:00  - 8:00 ,10:00  - 8:00 ,10:00  - 8:00 ,Closed,https://maps.google.com/?cid=16789624572267970230
VWT-OakPark,Value World Thrift,"22130 Coolidge Hwy, Oak Park, MI 48237",10:00  - 9:00 ,10:00  - 9:00 ,10:00  - 9:00 ,10:00  - 9:00 ,10:00  - 9:00 ,10:00  - 9:00 ,12:00 - 6:00 ,https://maps.google.com/?cid=9803611521648678906
DC,Detroit Closet,"10236 Fenkell Ave, Detroit, MI 48238",Closed,Closed,Closed,Closed,Closed,Closed,Closed,https://maps.google.com/?cid=4682987468658369333
OLSAA,Our Little Shoppe Antiques and Vintage,"5453 Auburn Rd, Shelby Township, MI 48317",Closed,Closed,11:00  - 5:00 ,11:00  - 5:00 ,11:00  - 5:00 ,11:00  - 5:00 ,Closed,https://maps.google.com/?cid=1507645474955155415
TSAFSWB,The Salvation Army Family Store & Donation Center,"3232 Orchard Lake Rd, West Bloomfield Township, MI 48324",9:00  - 9:00 ,9:00  - 9:00 ,9:00  - 9:00 ,9:00  - 9:00 ,9:00  - 9:00 ,9:00  - 9:00 ,Closed,https://maps.google.com/?cid=2321574283025838799
TSAFSAH,The Salvation Army Family Store & Donation Center,"605 S Opdyke Rd, Auburn Hills, MI 48326",9:00  - 9:00 ,9:00  - 9:00 ,9:00  - 9:00 ,9:00  - 9:00 ,9:00  - 9:00 ,9:00  - 9:00 ,Closed,https://maps.google.com/?cid=788812946210104244
FTRS,Freedom Treasures Resale Store,"7570 Cooley Lake Rd, Waterford Township, MI 48327",9:00  - 6:00 ,9:00  - 4:00 ,9:00  - 6:00 ,9:00  - 4:00 ,9:00  - 6:00 ,Closed,Closed,https://maps.google.com/?cid=14617917385057940936
ODTS,Open Door Thrift Store,"7140 Cooley Lake Rd, Waterford Township, MI 48327",Closed,10:00  - 4:30 ,10:00  - 4:30 ,10:00  - 7:00 ,10:00  - 4:30 ,10:00  - 4:30 ,Closed,https://maps.google.com/?cid=14255060151722125939
DFM,Dixieland Flea Market,"2045 Dixie Hwy, Waterford Township, MI 48328",Closed,Closed,Closed,Closed,12:00 - 7:00 ,10:00  - 6:00 ,10:00  - 6:00 ,https://maps.google.com/?cid=13647419159001150318
SOMM,Seeds Of Mercy Mission,"32232 W 8 Mile Rd, Farmington Hills, MI 48336",10:00  - 5:00 ,10:00  - 5:00 ,10:00  - 5:00 ,10:00  - 5:00 ,10:00  - 5:00 ,10:00  - 5:00 ,10:00  - 5:00 ,https://maps.google.com/?cid=5998799559217637504
WBIS,We Buy It & Sell It All,"30930 Grand River Ave, Farmington, MI 48336",11:00  - 4:00 ,11:00  - 4:00 ,11:00  - 4:00 ,11:00  - 4:00 ,11:00  - 4:00 ,11:00  - 4:00 ,Closed,https://maps.google.com/?cid=12697330924645916045
PVAAM,"Paradise Vintage, Antiques and More","2241B W Vienna Rd, Clio, MI 48420",10:00  - 6:00 ,10:00  - 6:00 ,10:00  - 6:00 ,10:00  - 6:00 ,10:00  - 7:00 ,10:00  - 7:00 ,10:00  - 6:00 ,https://maps.google.com/?cid=6764167475425209772
YT,Yesterday's Treasures,"300 S Leroy St, Fenton, MI 48430",Closed,10:00  - 6:00 ,10:00  - 6:00 ,10:00  - 6:00 ,10:00  - 6:00 ,10:00  - 6:00 ,12:00 - 5:00 ,https://maps.google.com/?cid=13873644682349948128
TVFH,The Vintage Farm House,"310 S Broad St, Holly, MI 48442",Closed,10:00  - 5:00 ,10:00  - 5:00 ,10:00  - 5:00 ,10:00  - 6:00 ,10:00  - 6:00 ,12:00 - 5:00 ,https://maps.google.com/?cid=4771904017863145739
TMM,The Mega Mall,"15487 Old U.S. 27, Lansing, MI 48906",11:00  - 6:00 ,11:00  - 6:00 ,11:00  - 6:00 ,11:00  - 8:00 ,11:00  - 6:00 ,11:00  - 6:00 ,11:00  - 6:00 ,https://maps.google.com/?cid=1622738685455122636
LMLDV,Like Mother Like Daughter Vintage Treasures,"1133 S Washington Ave, Lansing, MI 48910",Closed,11:00  - 5:00 ,11:00  - 5:00 ,11:00  - 5:00 ,11:00  - 5:00 ,11:00  - 5:00 ,10:00  - 3:00 ,https://maps.google.com/?cid=13244249671424523627
T,Thriftique,"1137 S Washington Ave, Lansing, MI 48910",Closed,Closed,Closed,11:00  - 6:00 ,11:00  - 6:00 ,11:00  - 6:00 ,Closed,https://maps.google.com/?cid=5448889949105719322
BAM,Blissfield Antiques Mall,"103 W Adrian St, Blissfield, MI 49228",Closed,10:00  - 5:00 ,10:00  - 5:00 ,10:00  - 5:00 ,10:00  - 5:00 ,10:00  - 5:00 ,12:00 - 5:00 ,https://maps.google.com/?cid=13840975680505086811
1VM,12 Vintage Market,"2751 W Michigan Ave, Clinton, MI 49236",Closed,11:00  - 4:00 ,11:00  - 4:00 ,11:00  - 4:00 ,11:30  - 5:00 ,11:00  - 5:00 ,11:00  - 5:00 ,https://maps.google.com/?cid=12824667481867650673
